driverId,name,ssn,location,certified,wage-plan
10,Matthew Wells,329-81-6586,"715 Shannon Islands
Fernandeztown, MP 83501",Y,hours
11,Robert Choi,242-34-5980,"38443 Taylor Glens Suite 856
Stewartton, VI 97547",Y,hours
12,Cynthia Fuentes,166-13-8763,"727 Brandon Harbors
South Josechester, OH 94643",N,hours
13,Alexandra Hughes,364-92-8713,"11481 Barron Ridge
Thomaston, SD 88408",Y,miles
14,William Hughes,841-34-0154,"588 Ferguson Pass Suite 590
Debbiestad, FL 25213",N,hours
15,Kevin Vasquez,503-07-1541,"751 Christine Pass
Joneschester, FL 70152",Y,miles
16,Jean Payne,596-73-4571,"8590 Charles Streets
Nathanielside, AK 34008",N,miles
17,Ryan Smith,378-66-1712,"83717 Delgado River Suite 341
West Angela, NY 41278",Y,miles
18,Amy Wood,723-63-1830,"5081 Harrington Radial
Thompsonburgh, KS 44457",N,miles
19,Don Mcdonald,618-49-1623,"6216 Jennifer Forges
Vincentmouth, NM 83833",N,hours
20,Kathryn Brown,071-34-2262,"47386 Erika Alley
West Candice, OH 82123",Y,miles
21,Ariana Molina,801-72-4843,"34450 Kidd Hills
Cassandramouth, PW 36358",N,miles
22,Erin Anderson,387-83-9090,"2705 Hector Route
East Sarabury, TN 21244",Y,hours
23,Taylor Neal,143-82-7482,"21939 Miller Trail
Lake Chrischester, CA 58145",N,miles
24,Samuel Smith,795-98-1753,"8436 Amanda Springs Apt. 534
Whiteville, FM 57612",Y,miles
25,Matthew Smith,317-94-2247,"6453 James Curve Apt. 698
West Ginatown, VI 36948",Y,hours
26,Gary Williams,538-17-3507,"736 Brandon Stream
Shawnbury, CO 90154",N,miles
27,Lisa Guerrero,822-44-6815,"USNS Clark
FPO AP 09812",N,hours
28,Robert Williams,364-95-4627,"84654 French Falls
East Kaitlynview, HI 83198",Y,hours
29,Jennifer Davis,708-05-4244,"119 Whitney Cape
Davidview, DE 70211",Y,hours
30,Jennifer Keller,437-92-2355,"19803 Yang Isle Apt. 801
Quinnmouth, AL 91297",Y,hours
31,Elizabeth Black,148-44-5198,"PSC 6233, Box 8446
APO AP 02142",N,miles
32,Shawn Wilson Jr.,377-18-1391,"84995 Richard Mountain
North Jaime, UT 91927",N,miles
33,Scott Cortez,021-48-1809,"5158 Emily Pass Apt. 943
New Johnhaven, KS 62281",N,hours
34,Tony Patton,563-13-8324,"792 Johnson Fords
Ruizshire, NV 13442",Y,miles
35,Kathy Suarez,307-70-3674,"6775 Petty Road
Mendozachester, TN 61177",N,miles
36,Christian Robinson,143-28-1380,"8390 James Way Apt. 798
South Benjaminhaven, RI 90172",N,miles
37,Mrs. Mary Wilkinson,027-39-6776,"Unit 8992 Box 8614
DPO AA 69395",Y,miles
38,Kelly Knox,853-52-8718,"748 Marie Run
Diazfurt, MH 75946",Y,hours
39,Kurt Burke,814-77-4380,"4810 Justin Passage
Port Jennifer, AZ 99277",N,miles
40,Victoria Hudson,507-30-8001,"724 Maria Pine Apt. 750
Jordanfort, FL 93110",N,hours
41,Zachary Norton,387-69-9737,"1046 Morales Well
Arnoldhaven, NY 93587",Y,hours
42,Travis Ryan Jr.,029-71-8516,"527 Dawn Rapid
Warrenton, ID 63610",N,miles
43,Melissa Weaver,717-84-0296,"9423 Gilmore Gateway
Marcstad, ND 35377",N,miles
44,Lisa Zimmerman,745-39-7823,"USNV Adams
FPO AP 85515",Y,hours
45,Laura Monroe,516-31-5286,"140 Sara Inlet Suite 516
South Matthew, NY 97683",N,miles
46,Tony Potts,669-64-4193,"Unit 9421 Box 0554
DPO AP 90216",Y,hours
47,Danny Torres,813-47-8228,"9552 Levi Extension
Matthewville, OR 86312",N,miles
48,Brittany Short,575-56-1538,"822 Garcia Road Apt. 444
South Vickiview, MS 60627",N,miles
49,Jill Pierce,164-27-2511,"14316 Meadows Fall
Port Stephanie, MO 16906",N,hours
50,Jerry Johnston,414-20-2802,"0946 Simpson Lodge Apt. 613
Travisstad, TX 41827",Y,hours
51,Emily Oneal,540-76-6973,"7711 Danielle Falls Suite 374
Reynoldsborough, CO 44322",N,miles
52,Samuel Duke,150-38-8036,"PSC 2851, Box 8126
APO AE 91721",Y,hours
53,Tamara Johnson,617-53-7459,"0337 Karen Lakes
Alexanderfurt, OR 55240",Y,hours
54,Carolyn Rios,341-05-1731,"4437 Charles Forges Suite 239
Bradview, TX 12614",N,miles
55,Jane Allen,238-48-0204,"2448 Pearson Crossing Suite 318
South Michael, SD 48716",Y,miles
56,Terry Harris,431-61-8337,"1522 Angela Groves
South Elizabethtown, NJ 34110",N,miles
57,Thomas Sanchez,135-45-5373,"741 Danny Shores Apt. 812
Jamesmouth, VT 62966",N,hours
58,Victor Jacobs,803-74-3092,"399 Bradley Points Apt. 363
Juliechester, CT 45401",N,miles
59,Elizabeth Crawford,834-06-2835,"29695 Johnson Drives
Collinsville, MA 06759",Y,miles
60,William Brown,164-91-4131,"73741 Sherry Fort Apt. 787
Phelpsmouth, NJ 83049",N,miles
61,Alexander Anderson,854-99-0676,"USNS Fuentes
FPO AE 05610",N,hours
62,Lisa Nguyen,775-08-4508,"1426 Berry Grove
Griffintown, OR 98664",N,miles
63,Christie Mccann,740-96-9143,"6549 Aaron Camp Suite 913
Butlerview, MD 36367",N,hours
64,Lindsey Harris,609-39-9269,"997 Jesus Islands
Port David, VT 94514",Y,miles
65,Brian Lee,112-95-3942,"92446 Michael Views Apt. 990
Shellyfort, IA 98455",Y,hours
66,Kathryn Ferguson,576-20-8918,"4275 Benjamin Villages
Greenbury, IL 03939",Y,miles
67,Alexander Diaz,855-13-4644,"912 Holland Underpass
Michellemouth, WI 29363",N,miles
68,Joshua Woodard,604-78-3658,"12963 Lindsay Grove Apt. 072
Scottchester, NC 90966",N,hours
69,Lauren House,718-25-0507,"22793 John Stravenue
West Jesseside, NJ 37601",N,hours
70,Michael Padilla,074-37-2902,"2106 Lisa Shoals Suite 906
North Christinestad, IN 05071",Y,miles
71,Brandy Carlson,622-11-5897,"93706 Jones Valleys
Melendezfurt, KY 19598",Y,miles
72,Todd Mcpherson,843-52-1888,"30288 Eric Cove
East Dianamouth, MP 02530",Y,miles
73,Shane Neal,854-05-1173,"09915 Anthony Avenue Apt. 157
Schmidtmouth, OR 14359",Y,miles
74,Michael Hood,601-22-1196,"9540 Samuel Stream
Williamsview, CA 74797",Y,hours
75,Stephanie Sanders,791-83-7803,"6533 Harrison Road
Chentown, ND 23374",Y,miles
76,Lisa Tucker,813-59-6891,"238 Robert Mountains
Lake Tracy, TN 14866",N,miles
77,Samantha Webster,605-17-1221,"59769 Melissa Village Suite 234
South Loribury, IA 13603",N,miles
78,Robert Robinson,405-30-8077,"60120 Jesus Village Suite 626
Port David, VT 01036",N,miles
79,Ryan Nguyen,454-29-7874,"7431 Yang Roads Apt. 737
Port Lawrence, IN 39400",N,hours
80,Eric Williams,316-96-9362,"21219 Kenneth Mission
Douglashaven, CT 98115",Y,hours
81,Jessica Ramirez,538-40-5725,"344 Joseph Meadow Suite 708
Williamberg, AS 17259",Y,hours
82,Allen Warren,426-64-6520,"93445 Lane Highway Suite 021
New Robertchester, DE 41352",N,hours
83,Robin Patel,595-15-3825,"5834 Allen Lake
North Michael, CO 52240",Y,miles
84,Michael Mcintosh,011-51-5549,"643 John Radial
Lauraview, AK 39086",N,miles
85,Adam Thomas,345-26-7489,"41120 Dylan Cliffs Suite 184
East Kelly, LA 15383",Y,hours
86,Jacqueline West,485-16-5531,"807 Clark Burgs
Timothyland, MP 19792",N,hours
87,Michael Williams,299-37-9992,"329 Cathy Orchard
North Nicoletown, IN 52135",N,hours
88,Darrell Steele,752-14-9389,"68803 Lawrence Estate
Pamelaland, NC 08492",N,miles
89,Emily Delgado,095-20-7079,"PSC 0767, Box 2039
APO AA 76397",N,miles
90,Melinda Wilson,675-55-4843,"3778 Roy Rapids
Suzanneville, MA 40031",Y,miles
91,Russell Miller,811-95-1079,"0364 Norman Mountains
Lake Cynthia, NH 33995",N,miles
92,David Bailey,593-87-3766,"3185 Davis Shores
Port Ashley, ID 40697",Y,hours
93,Brady Wood,754-51-4224,"USNV Martin
FPO AE 55682",Y,hours
94,Christian Gray,182-57-5356,"4194 Jessica Cliff Apt. 665
North Benjamin, WV 87575",Y,miles
95,Katherine Clark,103-09-5478,"018 Matthew Centers
Whitetown, VI 36782",Y,miles
96,Thomas Morris,469-02-7597,"2244 Fletcher Village Apt. 538
Richardtown, OH 64751",N,miles
97,Natalie Hill,234-68-6297,"5865 Katie Radial Suite 072
South Dalton, AZ 96622",N,miles
98,Jessica Mcknight,278-33-0964,"3409 Brooks Villages
West Chadfort, WI 41053",N,hours
99,Candace Hays,505-56-0558,"2297 Roberto Islands Suite 167
Lake Barbara, DE 35371",Y,hours
100,Michael Schmidt DDS,570-97-8018,"74802 William Mountain
Kellyview, LA 57793",Y,hours
101,Jordan Miller,128-27-9856,"4730 Gomez Corners Apt. 988
Davidside, DE 61623",N,miles
102,Darryl Trujillo,631-94-0246,"Unit 5608 Box 0172
DPO AA 36775",Y,miles
103,Christina Jarvis,053-15-2738,"05164 Ramirez Key
Priceview, WY 39167",N,hours
104,Yolanda Mcdaniel,430-56-7960,"39272 Jacob Junction Apt. 459
Hickschester, PW 94782",Y,hours
105,Anthony Lewis,523-11-1988,"373 Harper Trail Suite 047
Boltontown, VI 96155",N,hours
106,Erika Burke,564-92-5191,"3194 Michael Spurs
Martinezfurt, MH 48617",Y,hours
107,Karen Howard,572-67-6850,"678 Barbara Shores Suite 637
West Jason, AL 50608",N,hours
108,Jessica Norman,342-17-2856,"26274 Sean Summit
Clarkmouth, MN 69139",N,hours
109,Bethany Wilson,382-23-6161,"5496 Eric Course
Smithport, NJ 51519",Y,miles
